,title,price,origin
1,15%쿠폰/마이셰프 보니따 리꼬 스테이크 / 신제품 단독판매,"9,900",원산지 : 상세설명참조
2,맛있는 오뚜기밥 210gX48 외 오뚜기BEST,"44,500",원산지 : 상세설명참조
3,[위메프데이]그린핑거 최초런칭행사 대용량 키즈 수분촉촉크림 외 모음전,"12,900",원산지 없음
4,[위메프데이]베베숲 시그니처 블루 70매 캡 20팩 외 물티슈 모음전,"40,900",원산지 없음
5,6시까지 긴급추가/난닝구 24시간 역대급 블프SALE,"9,900",원산지 없음
6,셀퓨전씨 더마 선/스킨케어 브랜드데이 선착순 체험팩 ,"8,500",원산지 없음
7,한정수량300개/최대63%/마더케이 새지않는 빨대컵 210ml 1+1 ★스낵캡 증정★,"16,500",원산지 없음
8,"[위메프데이]최대35% / 테크 세제 대용량 8L 외 섬유유연제, 샴푸","11,900",원산지 없음
9,[위메프데이]장당189원_100%국산 KF94 대형/소형/새부리형/블랙 외 마스크 모음전,"22,900",원산지 : 상세설명참조
10,3분 쇠고기짜장 200Gx9+3분 쇠고기카레x9,"14,900",원산지 : 상세설명참조
